date,country,status,component_mismatches,witness_base,generated_base,witness_total,generated_total,total_delta,witness_residual,generated_residual,verdict
2025-02-15,CN,matching_pre_effective_unavailable,,,,,,,,,PASS
2025-02-15,MX,matching_pre_effective_unavailable,,,,,,,,,PASS
2025-02-15,CA,matching_pre_effective_unavailable,,,,,,,,,PASS
2025-02-15,GB,matching_pre_effective_unavailable,,,,,,,,,PASS
2025-02-15,RU,matching_pre_effective_unavailable,,,,,,,,,PASS
2025-02-15,BR,matching_pre_effective_unavailable,,,,,,,,,PASS
2025-02-15,VN,matching_pre_effective_unavailable,,,,,,,,,PASS
2025-02-15,ZA,matching_pre_effective_unavailable,,,,,,,,,PASS
2025-02-15,DE,matching_pre_effective_unavailable,,,,,,,,,PASS
2025-02-15,CU,matching_pre_effective_unavailable,,,,,,,,,PASS
2025-04-10,CN,matching_pre_effective_unavailable,,,,,,,,,PASS
2025-04-10,MX,matching_pre_effective_unavailable,,,,,,,,,PASS
2025-04-10,CA,matching_pre_effective_unavailable,,,,,,,,,PASS
2025-04-10,GB,matching_pre_effective_unavailable,,,,,,,,,PASS
2025-04-10,RU,matching_pre_effective_unavailable,,,,,,,,,PASS
2025-04-10,BR,matching_pre_effective_unavailable,,,,,,,,,PASS
2025-04-10,VN,matching_pre_effective_unavailable,,,,,,,,,PASS
2025-04-10,ZA,matching_pre_effective_unavailable,,,,,,,,,PASS
2025-04-10,DE,matching_pre_effective_unavailable,,,,,,,,,PASS
2025-04-10,CU,matching_pre_effective_unavailable,,,,,,,,,PASS
2025-07-01,CN,matching_pre_effective_unavailable,,,,,,,,,PASS
2025-07-01,MX,matching_pre_effective_unavailable,,,,,,,,,PASS
2025-07-01,CA,matching_pre_effective_unavailable,,,,,,,,,PASS
2025-07-01,GB,matching_pre_effective_unavailable,,,,,,,,,PASS
2025-07-01,RU,matching_pre_effective_unavailable,,,,,,,,,PASS
2025-07-01,BR,matching_pre_effective_unavailable,,,,,,,,,PASS
2025-07-01,VN,matching_pre_effective_unavailable,,,,,,,,,PASS
2025-07-01,ZA,matching_pre_effective_unavailable,,,,,,,,,PASS
2025-07-01,DE,matching_pre_effective_unavailable,,,,,,,,,PASS
2025-07-01,CU,matching_pre_effective_unavailable,,,,,,,,,PASS
2026-01-15,CN,matching_pre_effective_unavailable,,,,,,,,,PASS
2026-01-15,MX,matching_pre_effective_unavailable,,,,,,,,,PASS
2026-01-15,CA,matching_pre_effective_unavailable,,,,,,,,,PASS
2026-01-15,GB,matching_pre_effective_unavailable,,,,,,,,,PASS
2026-01-15,RU,matching_pre_effective_unavailable,,,,,,,,,PASS
2026-01-15,BR,matching_pre_effective_unavailable,,,,,,,,,PASS
2026-01-15,VN,matching_pre_effective_unavailable,,,,,,,,,PASS
2026-01-15,ZA,matching_pre_effective_unavailable,,,,,,,,,PASS
2026-01-15,DE,matching_pre_effective_unavailable,,,,,,,,,PASS
2026-01-15,CU,matching_pre_effective_unavailable,,,,,,,,,PASS
2026-02-15,CN,evaluated,,0,0,0.275,0.275,0.000,0.000,0.000,PASS
2026-02-15,MX,evaluated,,0,0,0.25,0.25,0.00,0.00,0.00,PASS
2026-02-15,CA,evaluated,,0,0,0.35,0.35,0.00,0.00,0.00,PASS
2026-02-15,GB,evaluated,,0,0,0.1,0.1,0.0,0.0,0.0,PASS
2026-02-15,RU,evaluated,,0.3,0.3,0.4,0.4,0.0,0.0,0.0,PASS
2026-02-15,BR,evaluated,,0,0,0.5,0.5,0.0,0.0,0.0,PASS
2026-02-15,VN,evaluated,,0,0,0.2,0.2,0.0,0.0,0.0,PASS
2026-02-15,ZA,evaluated,,0,0,0.3,0.3,0.0,0.0,0.0,PASS
2026-02-15,DE,evaluated,,0,0,0.15,0.15,0.00,0.00,0.00,PASS
2026-02-15,CU,evaluated,,0.3,0.3,0.4,0.4,0.0,0.0,0.0,PASS
2026-02-21,CN,evaluated,,0,0,0.075,0.075,0.000,0.000,0.000,PASS
2026-02-21,MX,evaluated,,0,0,0,0,0,0,0,PASS
2026-02-21,CA,evaluated,,0,0,0,0,0,0,0,PASS
2026-02-21,GB,evaluated,,0,0,0,0,0,0,0,PASS
2026-02-21,RU,evaluated,,0.3,0.3,0.3,0.3,0.0,0.0,0.0,PASS
2026-02-21,BR,evaluated,,0,0,0,0,0,0,0,PASS
2026-02-21,VN,evaluated,,0,0,0,0,0,0,0,PASS
2026-02-21,ZA,evaluated,,0,0,0,0,0,0,0,PASS
2026-02-21,DE,evaluated,,0,0,0,0,0,0,0,PASS
2026-02-21,CU,evaluated,,0.3,0.3,0.3,0.3,0.0,0.0,0.0,PASS
2026-02-25,CN,evaluated,,0,0,0.175,0.175,0.000,0.000,0.000,PASS
2026-02-25,MX,evaluated,,0,0,0.1,0.1,0.0,0.0,0.0,PASS
2026-02-25,CA,evaluated,,0,0,0.1,0.1,0.0,0.0,0.0,PASS
2026-02-25,GB,evaluated,,0,0,0.1,0.1,0.0,0.0,0.0,PASS
2026-02-25,RU,evaluated,,0.3,0.3,0.4,0.4,0.0,0.0,0.0,PASS
2026-02-25,BR,evaluated,,0,0,0.1,0.1,0.0,0.0,0.0,PASS
2026-02-25,VN,evaluated,,0,0,0.1,0.1,0.0,0.0,0.0,PASS
2026-02-25,ZA,evaluated,,0,0,0.1,0.1,0.0,0.0,0.0,PASS
2026-02-25,DE,evaluated,,0,0,0.1,0.1,0.0,0.0,0.0,PASS
2026-02-25,CU,evaluated,,0.3,0.3,0.4,0.4,0.0,0.0,0.0,PASS
2026-03-15,CN,evaluated,,0,0,0.175,0.175,0.000,0.000,0.000,PASS
2026-03-15,MX,evaluated,,0,0,0.1,0.1,0.0,0.0,0.0,PASS
2026-03-15,CA,evaluated,,0,0,0.1,0.1,0.0,0.0,0.0,PASS
2026-03-15,GB,evaluated,,0,0,0.1,0.1,0.0,0.0,0.0,PASS
2026-03-15,RU,evaluated,,0.3,0.3,0.4,0.4,0.0,0.0,0.0,PASS
2026-03-15,BR,evaluated,,0,0,0.1,0.1,0.0,0.0,0.0,PASS
2026-03-15,VN,evaluated,,0,0,0.1,0.1,0.0,0.0,0.0,PASS
2026-03-15,ZA,evaluated,,0,0,0.1,0.1,0.0,0.0,0.0,PASS
2026-03-15,DE,evaluated,,0,0,0.1,0.1,0.0,0.0,0.0,PASS
2026-03-15,CU,evaluated,,0.3,0.3,0.4,0.4,0.0,0.0,0.0,PASS
2026-08-01,CN,evaluated,,0,0,0.2,0.2,0.0,0.000,0.000,PASS
2026-08-01,MX,evaluated,,0,0,0.1,0.1,0.0,0.0,0.0,PASS
2026-08-01,CA,evaluated,,0,0,0.1,0.1,0.0,0.0,0.0,PASS
2026-08-01,GB,evaluated,,0,0,0.1,0.1,0.0,0.0,0.0,PASS
2026-08-01,RU,evaluated,,0.3,0.3,0.425,0.425,0.000,0.000,0.000,PASS
2026-08-01,BR,evaluated,,0,0,0.375,0.375,0.000,0.000,0.000,PASS
2026-08-01,VN,evaluated,,0,0,0.125,0.125,0.000,0.000,0.000,PASS
2026-08-01,ZA,evaluated,,0,0,0.125,0.125,0.000,0.000,0.000,PASS
2026-08-01,DE,evaluated,,0,0,0.1,0.1,0.0,0.0,0.0,PASS
2026-08-01,CU,evaluated,,0.3,0.3,0.3,0.3,0.0,0.0,0.0,PASS
